{"scores": [0.5103229391567451, 0.5721490350567908, 0.3235821881135263, 0.6544618240980224, 0.6705262378868894, 0.3971332536716601, 0.6681217214606338, 0.6372613491025819, 0.6732400427441293, 0.6679671790056788, 0.4204182971798109, 0.5791061843601948, 0.6187455316952887, 0.7574795127785995, 0.5262937615001338, 0.653506411469791, 0.7554321704965129, 0.6378197696639386, 0.7148232559559609, 0.7271497028365722, 0.7403096091891124, 0.715715336259606, 0.6128013448124755, 0.3778369574373915, 0.5804143981274945, 0.5777560699185607, 0.6911735259414896, 0.5746352380159101, 0.7091706361689012, 0.5961280662110493, 0.6218500098665363, 0.43776384329884716, 0.7219015865945043, 0.4899563835195806, 0.6811265205009359, 0.7648379951063287, 0.7635894307481477, 0.7407677353629186, 0.7162510113747208, 0.711202307269469, 0.7199376987868737, 0.7133008479207203, 0.5320595241744404, 0.6228136378298481, 0.6249935131724025, 0.6024102934487345, 0.7079153483654902, 0.7292310089790789, 0.6664334202388186], "gt": [6, 4, 6, 6, 6, 6, 6, 6, 6, 6, 6, 6, 6, 5, 4, 5, 5, 5, 5, 5, 3, 5, 5, 5, 5, 5, 5, 5, 5, 3, 5, 5, 5, 5, 5, 5, 5, 5, 5, 5, 5, 5, 5, 5, 5, 5, 5, 5, 5], "est": [6, 5, 6, 5, 6, 2, 6, 6, 6, 6, 2, 6, 6, 5, 5, 5, 5, 5, 5, 5, 5, 5, 5, 5, 5, 5, 5, 5, 5, 5, 5, 5, 5, 5, 5, 5, 5, 5, 5, 5, 5, 5, 5, 5, 5, 5, 5, 5, 5], "classes": [78, 81, 82, 102, 105, 184, 1455, 1637]}